"Date","Count","EventSite","Target"
"2022/08/26","1","connpass","2022/08"
"2022/08/26","1","connpass","2022/08"
"2022/08/26","1","その他","2022/08"
"2022/08/25","1","connpass","2022/08"
"2022/08/25","1","connpass","2022/08"
"2022/08/24","1","connpass","2022/08"
"2022/08/22","1","connpass","2022/08"
"2022/08/20","1","connpass","2022/08"
"2022/08/18","1","connpass","2022/08"
"2022/08/16","1","doorkeeper","2022/08"
"2022/08/10","1","connpass","2022/08"
"2022/08/10","1","doorkeeper","2022/08"
"2022/08/06","1","connpass","2022/08"
"2022/08/05","1","connpass","2022/08"
"2022/08/04","1","connpass","2022/08"
"2022/08/04","1","connpass","2022/08"
"2022/08/03","1","connpass","2022/08"
"2022/08/03","1","connpass","2022/08"
"2022/08/02","1","connpass","2022/08"
"2022/07/30","1","connpass","2022/07"
"2022/07/29","1","connpass","2022/07"
"2022/07/29","1","connpass","2022/07"
"2022/07/27","1","connpass","2022/07"
"2022/07/25","1","connpass","2022/07"
"2022/07/23","1","connpass","2022/07"
"2022/07/22","1","connpass","2022/07"
"2022/07/21","1","connpass","2022/07"
"2022/07/21","1","その他","2022/07"
"2022/07/20","1","connpass","2022/07"
"2022/07/19","1","connpass","2022/07"
"2022/07/15","1","connpass","2022/07"
"2022/07/14","1","connpass","2022/07"
"2022/07/14","1","doorkeeper","2022/07"
"2022/07/13","1","connpass","2022/07"
"2022/07/13","1","connpass","2022/07"
"2022/07/13","1","connpass","2022/07"
"2022/07/09","1","connpass","2022/07"
"2022/07/08","1","connpass","2022/07"
"2022/07/07","1","connpass","2022/07"
"2022/07/06","1","connpass","2022/07"
"2022/07/01","1","connpass","2022/07"
"2022/06/30","1","connpass","2022/06"
"2022/06/30","1","connpass","2022/06"
"2022/06/29","1","connpass","2022/06"
"2022/06/29","1","connpass","2022/06"
"2022/06/28","1","connpass","2022/06"
"2022/06/28","1","connpass","2022/06"
"2022/06/26","1","connpass","2022/06"
"2022/06/25","1","connpass","2022/06"
"2022/06/24","1","connpass","2022/06"
"2022/06/24","1","その他","2022/06"
"2022/06/23","1","connpass","2022/06"
"2022/06/23","1","connpass","2022/06"
"2022/06/23","1","connpass","2022/06"
"2022/06/23","1","その他","2022/06"
"2022/06/23","1","その他","2022/06"
"2022/06/22","1","connpass","2022/06"
"2022/06/22","1","connpass","2022/06"
"2022/06/22","1","connpass","2022/06"
"2022/06/21","1","connpass","2022/06"
"2022/06/21","1","connpass","2022/06"
"2022/06/19","1","doorkeeper","2022/06"
"2022/06/17","1","connpass","2022/06"
"2022/06/16","1","connpass","2022/06"
"2022/06/15","1","connpass","2022/06"
"2022/06/14","1","connpass","2022/06"
"2022/06/13","1","connpass","2022/06"
"2022/06/13","1","connpass","2022/06"
"2022/06/10","1","connpass","2022/06"
"2022/06/10","1","connpass","2022/06"
"2022/06/09","1","connpass","2022/06"
"2022/06/08","1","connpass","2022/06"
"2022/06/07","1","connpass","2022/06"
"2022/06/04","1","connpass","2022/06"
"2022/06/03","1","connpass","2022/06"
"2022/06/02","1","connpass","2022/06"
"2022/05/31","1","connpass","2022/05"
"2022/05/28","1","その他","2022/05"
"2022/05/26","1","connpass","2022/05"
"2022/05/24","1","connpass","2022/05"
"2022/05/23","1","connpass","2022/05"
"2022/05/20","1","connpass","2022/05"
"2022/05/20","1","connpass","2022/05"
"2022/05/18","1","connpass","2022/05"
"2022/05/18","1","connpass","2022/05"
"2022/05/17","1","connpass","2022/05"
"2022/05/17","1","connpass","2022/05"
"2022/05/14","1","その他","2022/05"
"2022/05/11","1","connpass","2022/05"
"2022/05/09","1","connpass","2022/05"
"2022/04/28","1","connpass","2022/04"
"2022/04/26","1","connpass","2022/04"
"2022/04/26","1","connpass","2022/04"
"2022/04/23","1","その他","2022/04"
"2022/04/21","1","connpass","2022/04"
"2022/04/20","1","connpass","2022/04"
"2022/04/19","1","connpass","2022/04"
"2022/04/19","1","connpass","2022/04"
"2022/04/18","1","doorkeeper","2022/04"
"2022/04/18","1","connpass","2022/04"
"2022/04/16","1","doorkeeper","2022/04"
"2022/04/15","1","connpass","2022/04"
"2022/04/15","1","connpass","2022/04"
"2022/04/14","1","connpass","2022/04"
"2022/04/13","1","connpass","2022/04"
"2022/04/12","1","connpass","2022/04"
"2022/04/09","1","doorkeeper","2022/04"
"2022/04/08","1","connpass","2022/04"
"2022/04/06","1","connpass","2022/04"
"2022/04/05","1","connpass","2022/04"
"2022/04/04","1","connpass","2022/04"
"2022/04/02","1","doorkeeper","2022/04"
"2022/04/01","1","connpass","2022/04"
"2022/03/31","1","connpass","2022/03"
"2022/03/29","1","connpass","2022/03"
"2022/03/28","1","connpass","2022/03"
"2022/03/26","1","connpass","2022/03"
"2022/03/26","1","その他","2022/03"
"2022/03/26","1","doorkeeper","2022/03"
"2022/03/25","1","connpass","2022/03"
"2022/03/24","1","connpass","2022/03"
"2022/03/21","1","connpass","2022/03"
"2022/03/17","1","その他","2022/03"
"2022/03/10","1","connpass","2022/03"
"2022/03/10","1","connpass","2022/03"
"2022/03/07","1","connpass","2022/03"
"2022/03/04","1","connpass","2022/03"
"2022/03/04","1","connpass","2022/03"
"2022/03/03","1","connpass","2022/03"
"2022/02/21","1","connpass","2022/02"
"2022/02/20","1","connpass","2022/02"
"2022/02/18","1","connpass","2022/02"
"2022/02/18","1","その他","2022/02"
"2022/02/17","1","connpass","2022/02"
"2022/02/17","1","その他","2022/02"
"2022/02/10","1","connpass","2022/02"
"2022/02/09","1","connpass","2022/02"
"2022/02/09","1","connpass","2022/02"
"2022/02/08","1","connpass","2022/02"
"2022/02/08","1","connpass","2022/02"
"2022/02/08","1","connpass","2022/02"
"2022/02/04","1","connpass","2022/02"
"2022/02/04","1","connpass","2022/02"
"2022/02/03","1","connpass","2022/02"
"2022/02/03","1","connpass","2022/02"
"2022/02/01","1","connpass","2022/02"
"2022/01/31","1","connpass","2022/01"
"2022/01/30","1","connpass","2022/01"
"2022/01/30","1","connpass","2022/01"
"2022/01/27","1","connpass","2022/01"
"2022/01/26","1","connpass","2022/01"
"2022/01/26","1","connpass","2022/01"
"2022/01/25","1","connpass","2022/01"
"2022/01/25","1","connpass","2022/01"
"2022/01/24","1","connpass","2022/01"
"2022/01/22","1","connpass","2022/01"
"2022/01/21","1","connpass","2022/01"
"2022/01/21","1","connpass","2022/01"
"2022/01/21","1","connpass","2022/01"
"2022/01/20","1","connpass","2022/01"
"2022/01/19","1","connpass","2022/01"
"2022/01/18","1","connpass","2022/01"
"2022/01/17","1","connpass","2022/01"
"2022/01/15","1","connpass","2022/01"
"2022/01/13","1","connpass","2022/01"
"2022/01/12","1","connpass","2022/01"
"2022/01/07","1","connpass","2022/01"
"2022/01/07","1","connpass","2022/01"
